{
  "aurocs": [
    0.5898307343729174,
    0.5941623350659737,
    0.6075569772091164,
    0.6380781020924964,
    0.637544982007197,
    0.7169132347061175,
    0.7417033186725309,
    0.7634279621484739,
    0.7854858056777289,
    0.8066106890577102,
    0.8194722111155537,
    0.8555910968945755,
    0.8829135012661601,
    0.8873117419698787,
    0.8881780621084899,
    0.8907770225243237,
    0.8975076636012261,
    0.8965080634412902,
    0.8957750233240038,
    0.8881780621084899,
    0.8771824603491937,
    0.8686525389844062,
    0.868452618952419,
    0.8595894975343196,
    0.8635212581634013,
    0.8726509396241503,
    0.8677862188457951,
    0.8680527788884447,
    0.8681194188991069,
    0.872784219645475,
    0.8663867786218845,
    0.8525922964147675
  ],
  "best_layer": 16,
  "best_auroc": 0.8975076636012261
}