{
  "MID-A": {
    "accuracy": 0.3404255319148936,
    "token_cost": 128.9787234042553,
    "latency_ms": 10700.538277595751
  },
  "MID-B": {
    "accuracy": 0.02127659574468085,
    "token_cost": 137.53191489361703,
    "latency_ms": 15035.08351559585
  },
  "_meta": {
    "n_mid_samples": 47
  }
}